{"cameraMode":{"drawMode":0,"name":"Shaded","section":"Shading Mode"},"sceneLighting":true,"audioPlay":false,"sceneViewState":{"showFog":true,"showMaterialUpdate":false,"showSkybox":true,"showFlares":true,"showImageEffects":true,"showParticleSystems":true},"in2DMode":false,"pivot":{"x":-11.582329750061036,"y":4.386978626251221,"z":-0.5575785636901856},"rotation":{"x":0.6685096025466919,"y":0.08959335833787918,"z":-0.08162609487771988,"w":0.7337629795074463},"size":2.4732608795166017,"orthographic":true}