{"cameraMode":{"drawMode":0,"name":"Shaded","section":"Shading Mode"},"sceneLighting":true,"audioPlay":false,"sceneViewState":{"showFog":true,"showMaterialUpdate":false,"showSkybox":true,"showFlares":true,"showImageEffects":true,"showParticleSystems":true},"in2DMode":false,"pivot":{"x":-13.758054733276368,"y":-17.204978942871095,"z":-1.042680025100708},"rotation":{"x":-0.40602245926856997,"y":0.59270840883255,"z":-0.4660261869430542,"w":-0.5163943767547607},"size":12.661645889282227,"orthographic":false}